PRAGMA foreign_keys=OFF;
BEGIN TRANSACTION;
CREATE TABLE IF NOT EXISTS "django_migrations" ("id" integer NOT NULL PRIMARY KEY AUTOINCREMENT, "app" varchar(255) NOT NULL, "name" varchar(255) NOT NULL, "applied" datetime NOT NULL);
CREATE TABLE IF NOT EXISTS "auth_group" ("id" integer NOT NULL PRIMARY KEY AUTOINCREMENT, "name" varchar(80) NOT NULL UNIQUE);
CREATE TABLE IF NOT EXISTS "auth_group_permissions" ("id" integer NOT NULL PRIMARY KEY AUTOINCREMENT, "group_id" integer NOT NULL REFERENCES "auth_group" ("id") DEFERRABLE INITIALLY DEFERRED, "permission_id" integer NOT NULL REFERENCES "auth_permission" ("id") DEFERRABLE INITIALLY DEFERRED);
CREATE TABLE IF NOT EXISTS "auth_user_groups" ("id" integer NOT NULL PRIMARY KEY AUTOINCREMENT, "user_id" integer NOT NULL REFERENCES "auth_user" ("id") DEFERRABLE INITIALLY DEFERRED, "group_id" integer NOT NULL REFERENCES "auth_group" ("id") DEFERRABLE INITIALLY DEFERRED);
CREATE TABLE IF NOT EXISTS "auth_user_user_permissions" ("id" integer NOT NULL PRIMARY KEY AUTOINCREMENT, "user_id" integer NOT NULL REFERENCES "auth_user" ("id") DEFERRABLE INITIALLY DEFERRED, "permission_id" integer NOT NULL REFERENCES "auth_permission" ("id") DEFERRABLE INITIALLY DEFERRED);
CREATE TABLE IF NOT EXISTS "django_admin_log" ("id" integer NOT NULL PRIMARY KEY AUTOINCREMENT, "object_id" text NULL, "object_repr" varchar(200) NOT NULL, "action_flag" smallint unsigned NOT NULL, "change_message" text NOT NULL, "content_type_id" integer NULL REFERENCES "django_content_type" ("id") DEFERRABLE INITIALLY DEFERRED, "user_id" integer NOT NULL REFERENCES "auth_user" ("id") DEFERRABLE INITIALLY DEFERRED, "action_time" datetime NOT NULL);
CREATE TABLE IF NOT EXISTS "articles_categories" ("id" integer NOT NULL PRIMARY KEY AUTOINCREMENT, "name" varchar(20) NOT NULL);
INSERT INTO articles_categories VALUES(1,'NATURE');
INSERT INTO articles_categories VALUES(2,'LIFESTYLE');
CREATE TABLE IF NOT EXISTS "articles_getmessage" ("id" integer NOT NULL PRIMARY KEY AUTOINCREMENT, "name" varchar(20) NOT NULL, "email" varchar(254) NOT NULL, "subject" varchar(100) NOT NULL, "message" text NOT NULL);
INSERT INTO articles_getmessage VALUES(1,'123','1@1.com','凄凄切切','呜呜呜呜');
CREATE TABLE IF NOT EXISTS "articles_info" ("id" integer NOT NULL PRIMARY KEY AUTOINCREMENT, "name" varchar(10) NOT NULL, "address" varchar(100) NOT NULL, "phone" varchar(20) NOT NULL, "email" varchar(254) NOT NULL);
INSERT INTO articles_info VALUES(1,'花花世界','北京市海淀区上地办公中心','010-85631234','yuanmashangcheng@yuanma.com');
CREATE TABLE IF NOT EXISTS "articles_jottings" ("id" integer NOT NULL PRIMARY KEY AUTOINCREMENT, "img" varchar(100) NULL, "content" varchar(50) NOT NULL, "add_time" datetime NOT NULL);
CREATE TABLE IF NOT EXISTS "articles_tags" ("id" integer NOT NULL PRIMARY KEY AUTOINCREMENT, "name" varchar(20) NOT NULL);
INSERT INTO articles_tags VALUES(1,'Python');
INSERT INTO articles_tags VALUES(2,'Django');
INSERT INTO articles_tags VALUES(3,'技术分享');
INSERT INTO articles_tags VALUES(4,'嘚瑟一下');
CREATE TABLE IF NOT EXISTS "articles_articles_tags" ("id" integer NOT NULL PRIMARY KEY AUTOINCREMENT, "articles_id" integer NOT NULL REFERENCES "articles_articles" ("id") DEFERRABLE INITIALLY DEFERRED, "tags_id" integer NOT NULL REFERENCES "articles_tags" ("id") DEFERRABLE INITIALLY DEFERRED);
INSERT INTO articles_articles_tags VALUES(1,1,4);
INSERT INTO articles_articles_tags VALUES(2,1,2);
CREATE TABLE IF NOT EXISTS "django_content_type" ("id" integer NOT NULL PRIMARY KEY AUTOINCREMENT, "app_label" varchar(100) NOT NULL, "model" varchar(100) NOT NULL);
INSERT INTO django_content_type VALUES(1,'admin','logentry');
INSERT INTO django_content_type VALUES(2,'auth','permission');
INSERT INTO django_content_type VALUES(3,'auth','group');
INSERT INTO django_content_type VALUES(4,'auth','user');
INSERT INTO django_content_type VALUES(5,'contenttypes','contenttype');
INSERT INTO django_content_type VALUES(6,'sessions','session');
INSERT INTO django_content_type VALUES(7,'articles','articles');
INSERT INTO django_content_type VALUES(8,'articles','categories');
INSERT INTO django_content_type VALUES(9,'articles','getmessage');
INSERT INTO django_content_type VALUES(10,'articles','info');
INSERT INTO django_content_type VALUES(11,'articles','jottings');
INSERT INTO django_content_type VALUES(12,'articles','tags');
INSERT INTO django_content_type VALUES(13,'xadmin','bookmark');
INSERT INTO django_content_type VALUES(14,'xadmin','log');
INSERT INTO django_content_type VALUES(15,'xadmin','usersettings');
INSERT INTO django_content_type VALUES(16,'xadmin','userwidget');
CREATE TABLE IF NOT EXISTS "auth_permission" ("id" integer NOT NULL PRIMARY KEY AUTOINCREMENT, "content_type_id" integer NOT NULL REFERENCES "django_content_type" ("id") DEFERRABLE INITIALLY DEFERRED, "codename" varchar(100) NOT NULL, "name" varchar(255) NOT NULL);
CREATE TABLE IF NOT EXISTS "auth_user" ("id" integer NOT NULL PRIMARY KEY AUTOINCREMENT, "password" varchar(128) NOT NULL, "last_login" datetime NULL, "is_superuser" bool NOT NULL, "username" varchar(150) NOT NULL UNIQUE, "first_name" varchar(30) NOT NULL, "email" varchar(254) NOT NULL, "is_staff" bool NOT NULL, "is_active" bool NOT NULL, "date_joined" datetime NOT NULL, "last_name" varchar(150) NOT NULL);
INSERT INTO auth_user VALUES(1,'pbkdf2_sha256$100000$Hl4EGegNEKMU$AErnTxG9OU1cCa+K8q4yZBh17eQM3vQs3Z9oupsegnI=','2019-08-12 14:29:07.689277',1,'admin','','1@1.com',1,1,'2019-05-07 17:44:23.786024','');
CREATE TABLE IF NOT EXISTS "django_session" ("session_key" varchar(40) NOT NULL PRIMARY KEY, "session_data" text NOT NULL, "expire_date" datetime NOT NULL);
INSERT INTO django_session VALUES('yyy18qrmvmnd26zyvcoc0snte7kji8te','MWQ2NjE0ZDg5Yzk5Y2ZkN2NmYjVlODA5OGI4NjA2NmNjNTRiMTIyNjp7Il9hdXRoX3VzZXJfaWQiOiIxIiwiX2F1dGhfdXNlcl9iYWNrZW5kIjoiZGphbmdvLmNvbnRyaWIuYXV0aC5iYWNrZW5kcy5Nb2RlbEJhY2tlbmQiLCJfYXV0aF91c2VyX2hhc2giOiI3ZDZiOTYxYWJkMjY0ZWQ1YzYwMzBhYmUzNTBhNmQ2M2I1YjgzMDRhIiwiTElTVF9RVUVSWSI6W1siYXJ0aWNsZXMiLCJpbmZvIl0sIiJdfQ==','2019-05-22 15:54:50.260189');
INSERT INTO django_session VALUES('sg9ggbel2qzbtabekmbr7bo639k2nf71','OTU3MTE1MTNiN2I1Mjg0NzUyY2I1NjZkZTllMWY4MDhiYjNlNzg0ODp7Il9hdXRoX3VzZXJfaWQiOiIxIiwiX2F1dGhfdXNlcl9iYWNrZW5kIjoiZGphbmdvLmNvbnRyaWIuYXV0aC5iYWNrZW5kcy5Nb2RlbEJhY2tlbmQiLCJfYXV0aF91c2VyX2hhc2giOiI3ZDZiOTYxYWJkMjY0ZWQ1YzYwMzBhYmUzNTBhNmQ2M2I1YjgzMDRhIiwiTElTVF9RVUVSWSI6W1siYXJ0aWNsZXMiLCJnZXRtZXNzYWdlIl0sIiJdfQ==','2019-05-24 11:37:11.141550');
INSERT INTO django_session VALUES('llbar4tpqf2xa4qhcgoo2ft5cqdy33rf','Yzg0NjcwNmMyY2VlOWQyZTkwOWI2YzkwZWExMmI5MDZhYWIxYWFlYTp7Il9hdXRoX3VzZXJfaWQiOiIxIiwiX2F1dGhfdXNlcl9iYWNrZW5kIjoiZGphbmdvLmNvbnRyaWIuYXV0aC5iYWNrZW5kcy5Nb2RlbEJhY2tlbmQiLCJfYXV0aF91c2VyX2hhc2giOiI3ZDZiOTYxYWJkMjY0ZWQ1YzYwMzBhYmUzNTBhNmQ2M2I1YjgzMDRhIiwiTElTVF9RVUVSWSI6W1siYXJ0aWNsZXMiLCJjYXRlZ29yaWVzIl0sIiJdfQ==','2019-05-25 19:47:47.658097');
INSERT INTO django_session VALUES('iigmgo585gbliwj3pnp0944x83mfxhl0','MDVlZDBhZmM4MmJiM2M4YzVlNjdlOTVmODE4NzViNWRmNjU1NGQ0NTp7Il9hdXRoX3VzZXJfaWQiOiIxIiwiX2F1dGhfdXNlcl9iYWNrZW5kIjoiZGphbmdvLmNvbnRyaWIuYXV0aC5iYWNrZW5kcy5Nb2RlbEJhY2tlbmQiLCJfYXV0aF91c2VyX2hhc2giOiI3ZDZiOTYxYWJkMjY0ZWQ1YzYwMzBhYmUzNTBhNmQ2M2I1YjgzMDRhIiwiTElTVF9RVUVSWSI6W1siYXJ0aWNsZXMiLCJhcnRpY2xlcyJdLCIiXX0=','2019-05-25 20:04:23.900955');
INSERT INTO django_session VALUES('1ewsk3hoj188yr2kbxwx68cmidjelcl9','MDVlZDBhZmM4MmJiM2M4YzVlNjdlOTVmODE4NzViNWRmNjU1NGQ0NTp7Il9hdXRoX3VzZXJfaWQiOiIxIiwiX2F1dGhfdXNlcl9iYWNrZW5kIjoiZGphbmdvLmNvbnRyaWIuYXV0aC5iYWNrZW5kcy5Nb2RlbEJhY2tlbmQiLCJfYXV0aF91c2VyX2hhc2giOiI3ZDZiOTYxYWJkMjY0ZWQ1YzYwMzBhYmUzNTBhNmQ2M2I1YjgzMDRhIiwiTElTVF9RVUVSWSI6W1siYXJ0aWNsZXMiLCJhcnRpY2xlcyJdLCIiXX0=','2019-08-23 15:46:16.703217');
INSERT INTO django_session VALUES('tfyfg0dejnc0bs4viqx36mlwrljjktwk','YmU5MzE0NzdhMjY5MDVmNzQyMDJkODM5Mjg0OTkwZThhN2FlNmUzMTp7Il9hdXRoX3VzZXJfaWQiOiIxIiwiX2F1dGhfdXNlcl9iYWNrZW5kIjoiZGphbmdvLmNvbnRyaWIuYXV0aC5iYWNrZW5kcy5Nb2RlbEJhY2tlbmQiLCJfYXV0aF91c2VyX2hhc2giOiI3ZDZiOTYxYWJkMjY0ZWQ1YzYwMzBhYmUzNTBhNmQ2M2I1YjgzMDRhIiwiTElTVF9RVUVSWSI6W1sieGFkbWluIiwibG9nIl0sIiJdfQ==','2019-08-26 15:25:03.821928');
CREATE TABLE IF NOT EXISTS "xadmin_bookmark" ("id" integer NOT NULL PRIMARY KEY AUTOINCREMENT, "title" varchar(128) NOT NULL, "url_name" varchar(64) NOT NULL, "query" varchar(1000) NOT NULL, "is_share" bool NOT NULL, "content_type_id" integer NOT NULL REFERENCES "django_content_type" ("id") DEFERRABLE INITIALLY DEFERRED, "user_id" integer NULL REFERENCES "auth_user" ("id") DEFERRABLE INITIALLY DEFERRED);
CREATE TABLE IF NOT EXISTS "xadmin_log" ("id" integer NOT NULL PRIMARY KEY AUTOINCREMENT, "action_time" datetime NOT NULL, "ip_addr" char(39) NULL, "object_id" text NULL, "object_repr" varchar(200) NOT NULL, "action_flag" varchar(32) NOT NULL, "message" text NOT NULL, "content_type_id" integer NULL REFERENCES "django_content_type" ("id") DEFERRABLE INITIALLY DEFERRED, "user_id" integer NOT NULL REFERENCES "auth_user" ("id") DEFERRABLE INITIALLY DEFERRED);
INSERT INTO xadmin_log VALUES(1,'2019-05-07 17:51:10.329368','127.0.0.1','1','Nature','create','已添加。',8,1);
INSERT INTO xadmin_log VALUES(2,'2019-05-07 17:51:31.282461','127.0.0.1','1','NATURE','change','修改 name',8,1);
INSERT INTO xadmin_log VALUES(3,'2019-05-07 17:51:50.521370','127.0.0.1','2','TECHNOLOGY','create','已添加。',8,1);
INSERT INTO xadmin_log VALUES(4,'2019-05-07 17:52:04.856208','127.0.0.1','3','TRAVEL','create','已添加。',8,1);
INSERT INTO xadmin_log VALUES(5,'2019-05-07 17:52:17.026893','127.0.0.1','4','SPORT','create','已添加。',8,1);
INSERT INTO xadmin_log VALUES(6,'2019-05-07 17:52:33.844655','127.0.0.1','5','LIFESTYLE','create','已添加。',8,1);
INSERT INTO xadmin_log VALUES(7,'2019-05-07 17:53:48.707624','127.0.0.1','1','Python','create','已添加。',12,1);
INSERT INTO xadmin_log VALUES(8,'2019-05-07 17:53:52.370563','127.0.0.1','2','Django','create','已添加。',12,1);
INSERT INTO xadmin_log VALUES(9,'2019-05-07 17:54:03.099015','127.0.0.1','3','技术分享','create','已添加。',12,1);
INSERT INTO xadmin_log VALUES(10,'2019-05-07 17:54:10.357719','127.0.0.1','4','嘚瑟一下','create','已添加。',12,1);
INSERT INTO xadmin_log VALUES(11,'2019-05-07 17:54:23.702545','127.0.0.1','5','快乐旅行','create','已添加。',12,1);
INSERT INTO xadmin_log VALUES(12,'2019-05-07 17:54:37.475379','127.0.0.1','6','春暖花开','create','已添加。',12,1);
INSERT INTO xadmin_log VALUES(13,'2019-05-07 17:54:54.417840','127.0.0.1','7','奋斗','create','已添加。',12,1);
INSERT INTO xadmin_log VALUES(14,'2019-05-07 17:56:53.231711','127.0.0.1','1','小嘴冰凉个人博客','create','已添加。',10,1);
INSERT INTO xadmin_log VALUES(15,'2019-05-07 18:12:01.671700','127.0.0.1','1','西北的陕西，旅游好去处，自然风光太吸引人','create','已添加。',7,1);
INSERT INTO xadmin_log VALUES(16,'2019-05-07 18:15:29.386358','127.0.0.1','1','西北的陕西，旅游好去处，自然风光太吸引人','change','修改 img 和 content',7,1);
INSERT INTO xadmin_log VALUES(17,'2019-05-07 18:18:42.632077','127.0.0.1','2','层次越高的人，越能发现生活中的美学','create','已添加。',7,1);
INSERT INTO xadmin_log VALUES(18,'2019-05-07 18:19:52.412967','127.0.0.1','3','勤奋是一种好的品质，勤奋的人，会拥有更精','create','已添加。',7,1);
INSERT INTO xadmin_log VALUES(19,'2019-05-07 18:21:06.705188','127.0.0.1','1','人不可缺少自己的道，要有一颗“利他之心”','create','已添加。',11,1);
INSERT INTO xadmin_log VALUES(20,'2019-05-07 18:21:50.084810','127.0.0.1',NULL,'','delete','批量删除 1 个 心情随笔',NULL,1);
INSERT INTO xadmin_log VALUES(21,'2019-05-08 15:54:50.160296','127.0.0.1','1','小嘴冰凉::Blog','change','修改 name',10,1);
INSERT INTO xadmin_log VALUES(22,'2019-05-10 11:37:11.039966','127.0.0.1',NULL,'','delete','批量删除 4 个 留言处理',NULL,1);
CREATE TABLE IF NOT EXISTS "xadmin_usersettings" ("id" integer NOT NULL PRIMARY KEY AUTOINCREMENT, "key" varchar(256) NOT NULL, "value" text NOT NULL, "user_id" integer NOT NULL REFERENCES "auth_user" ("id") DEFERRABLE INITIALLY DEFERRED);
INSERT INTO xadmin_usersettings VALUES(1,'dashboard:home:pos','',1);
INSERT INTO xadmin_usersettings VALUES(2,'site-theme','/static/xadmin/css/themes/bootstrap-xadmin.css',1);
CREATE TABLE IF NOT EXISTS "xadmin_userwidget" ("id" integer NOT NULL PRIMARY KEY AUTOINCREMENT, "page_id" varchar(256) NOT NULL, "widget_type" varchar(50) NOT NULL, "value" text NOT NULL, "user_id" integer NOT NULL REFERENCES "auth_user" ("id") DEFERRABLE INITIALLY DEFERRED);
CREATE TABLE IF NOT EXISTS "articles_articles" ("id" integer NOT NULL PRIMARY KEY AUTOINCREMENT, "title" varchar(20) NOT NULL, "img" varchar(100) NULL, "add_time" datetime NOT NULL, "click_nums" integer NOT NULL, "comment_nums" integer NOT NULL, "fav_nums" integer NOT NULL, "is_index" bool NOT NULL, "content" text NOT NULL, "categorie_id" integer NOT NULL REFERENCES "articles_categories" ("id") DEFERRABLE INITIALLY DEFERRED, "info" varchar(200) NOT NULL);
INSERT INTO articles_articles VALUES(1,'西北的陕西，旅游好去处，自然风光太吸引人','articles/timg_3.jpeg','2019-05-07 17:57:00',5,0,12,1,'<p style="margin-top: 0px; margin-bottom: 0px; padding: 0px; line-height: 24px; color: rgb(51, 51, 51); text-align: justify; font-family: arial; white-space: normal; background-color: rgb(255, 255, 255);"><span class="bjh-p">我相信很多人都会把陕西省作为自己旅行目的地之一，我相信，很多人都知道，这里的每一个地方，每一座城市，都很好玩。他们有的是被历史打磨的非常的好，有的是自然风光太吸引人了。今天我们一起来看看，陕西的哪一些城市，可以走走看看瞧一瞧，让你的旅行变得非常有意义。</span></p><p><img class="large" data-loadfunc="0" src="https://ss1.baidu.com/6ONXsjip0QIZ8tyhnq/it/u=4226496769,2451710786&fm=173&app=25&f=JPEG?w=640&h=480&s=6A3000C547AEBEEA541514150300C0C2" data-loaded="0" style="border: 0px; width: 537px; display: block;"/> </p><p style="margin-top: 26px; margin-bottom: 0px; padding: 0px; line-height: 24px; color: rgb(51, 51, 51); text-align: justify; font-family: arial; white-space: normal; background-color: rgb(255, 255, 255);"><span class="bjh-p">第一个，就要说说西安了。在西安的话，好玩的东西太多了，比如说最著名的就是秦始皇兵马俑。我相信不管是来自国内的游客还是国外的游客，都知道这个景点。现在出土的就有1000多个用陶做的陶俑士兵。</span></p><p style="margin-top: 22px; margin-bottom: 0px; padding: 0px; line-height: 24px; color: rgb(51, 51, 51); text-align: justify; font-family: arial; white-space: normal; background-color: rgb(255, 255, 255);"><span class="bjh-p">不光士兵的数量多，而且每一个的造型都不一样，表情都不一样，这就很神奇了。所以我们都说它是世界上的第八大奇迹。</span></p><p><img class="large" data-loadfunc="0" src="https://ss1.baidu.com/6ONXsjip0QIZ8tyhnq/it/u=273132601,282154283&fm=173&app=25&f=JPEG?w=640&h=427&s=7CAABF57F491F3C65880C4450300F0E7" data-loaded="0" style="border: 0px; width: 537px; display: block;"/> </p><p style="margin-top: 26px; margin-bottom: 0px; padding: 0px; line-height: 24px; color: rgb(51, 51, 51); text-align: justify; font-family: arial; white-space: normal; background-color: rgb(255, 255, 255);"><span class="bjh-p">西安是一座很老的城市，除了有历史这么这么悠久的兵马俑，还有比如说西安的城墙也可以去看一看，虽然历史很久了，但是这里的古代城墙还是保存得十分的好。<span class="bjh-br"></span></span></p><p><img class="large" data-loadfunc="0" src="https://ss1.baidu.com/6ONXsjip0QIZ8tyhnq/it/u=3075120031,496840997&fm=173&app=25&f=JPEG?w=640&h=427&s=7F5004C685FF122D0AAB37360300C058" data-loaded="0" style="border: 0px; width: 537px; display: block;"/> </p><p style="margin-top: 26px; margin-bottom: 0px; padding: 0px; line-height: 24px; color: rgb(51, 51, 51); text-align: justify; font-family: arial; white-space: normal; background-color: rgb(255, 255, 255);"><span class="bjh-p">还有就是大同芙蓉园了。我相信唐朝那样繁华的盛世，每个人都想去看一看，究竟是怎么样的。这里是所有的建筑都是唐朝的式样，有时候还会上演大型的舞台剧，所以一定要来这里瞧一瞧。<span class="bjh-br"></span></span></p><p style="margin-top: 22px; margin-bottom: 0px; padding: 0px; line-height: 24px; color: rgb(51, 51, 51); text-align: justify; font-family: arial; white-space: normal; background-color: rgb(255, 255, 255);"><span class="bjh-p">除了西安之外，延安也是一定要去的地方。西安可能更多的是中国古代的一些历史影响，而在延安的话，那就是红色旅游的圣地了。在这里，你能看到各式各样的旧的革命旧址。在这些窑洞里面，你可以充分感受那个时候我们的革命先烈们在这里付出的努力。</span></p><p><img class="large" data-loadfunc="0" src="https://ss0.baidu.com/6ONWsjip0QIZ8tyhnq/it/u=326827044,2601205808&fm=173&app=25&f=JPEG?w=640&h=417&s=B9D86D865C4B2AC64A89393C03005050" data-loaded="0" style="border: 0px; width: 537px; display: block;"/> </p><p style="margin-top: 26px; margin-bottom: 0px; padding: 0px; line-height: 24px; color: rgb(51, 51, 51); text-align: justify; font-family: arial; white-space: normal; background-color: rgb(255, 255, 255);"><span class="bjh-p">当然，延安不仅有历史，还有非常美妙的自然风光。比如说很有名的壶口瀑布就在这里压壶口瀑布算是黄河上一个比较有名的景点。瀑布的水流非常非常的急，而且落差非常的大，所以在这里你能看到波涛汹涌澎湃。来这里你也可以看一看历史非常久远，可以追溯到唐代的宝塔山。<span class="bjh-br"></span></span></p><p style="margin-top: 22px; margin-bottom: 0px; padding: 0px; line-height: 24px; color: rgb(51, 51, 51); text-align: justify; font-family: arial; white-space: normal; background-color: rgb(255, 255, 255);"><span class="bjh-p">其实西安除了这两座城市之外，别的城市历史也非常的悠久。比如说我们再来说一座你也可以去玩一玩的城市，那就是咸阳。咸阳的话其实你在我们古代的历史上都会听到这个名字，甚至比西安还要有名，那是因为这是对我国古代历史非常重要的一座城市。</span></p><p><img class="large" data-loadfunc="0" src="https://ss0.baidu.com/6ONWsjip0QIZ8tyhnq/it/u=3325986912,3125291053&fm=173&app=25&f=JPEG?w=640&h=360&s=DF5A23D38ED138CC6A016C240300E0E2" data-loaded="0" style="border: 0px; width: 537px; display: block;"/> </p><p style="margin-top: 26px; margin-bottom: 0px; padding: 0px; line-height: 24px; color: rgb(51, 51, 51); text-align: justify; font-family: arial; white-space: normal; background-color: rgb(255, 255, 255);"><span class="bjh-p">在这里呀，你可以去乾陵，茂陵，汉阳陵博物馆，懿德太子墓，永泰公主墓等等地方，充分感受一下我们古代的历史。<span class="bjh-br"></span></span></p><p style="margin-top: 22px; margin-bottom: 0px; padding: 0px; line-height: 24px; color: rgb(51, 51, 51); text-align: justify; font-family: arial; white-space: normal; background-color: rgb(255, 255, 255);"><span class="bjh-p">当然了，还有一个最重要的景点就是在渭南的华山。这也是中国非常有名的一座名山了，他被称作是西岳。华山真的是很险峻，山形地貌也非常的奇特，所以如果你是登山爱好者的话，来陕西省一定要去华山，做一回勇士好汉。</span></p><p><img class="large" data-loadfunc="0" src="https://ss2.baidu.com/6ONYsjip0QIZ8tyhnq/it/u=1537889357,1326463430&fm=173&app=25&f=JPEG?w=640&h=427&s=B3BF5184D29939CE6E2CD5C40300E0B9" data-loaded="0" style="border: 0px; width: 537px; display: block;"/> </p><p style="margin-top: 26px; margin-bottom: 0px; padding: 0px; line-height: 24px; color: rgb(51, 51, 51); text-align: justify; font-family: arial; white-space: normal; background-color: rgb(255, 255, 255);"><span class="bjh-p">总得来说，我觉得陕西省的这几座城市都是非常值得一去的，他们既有历史人文，风光，因为我们美丽的自然风景，而且相得益彰，很好地满足了有不同旅游喜好的人们。</span></p><p><br/> </p>',1,'背上背包你可远行：去雪域西藏朝圣，到川蜀美食，游丽江观玉龙雪山.......');
INSERT INTO articles_articles VALUES(2,'层次越高的人，越能发现生活中的美学','articles/timg_1.jpeg','2019-05-07 18:17:00',0,0,0,1,'<p style="margin-top: 22px; margin-bottom: 0px; padding: 0px; line-height: 24px; color: rgb(51, 51, 51); text-align: justify; font-family: arial; white-space: normal; background-color: rgb(255, 255, 255);"><span class="bjh-p">01</span></p><p style="margin-top: 22px; margin-bottom: 0px; padding: 0px; line-height: 24px; color: rgb(51, 51, 51); text-align: justify; font-family: arial; white-space: normal; background-color: rgb(255, 255, 255);"><span class="bjh-p"><span class="bjh-br"></span></span></p><p style="margin-top: 22px; margin-bottom: 0px; padding: 0px; line-height: 24px; color: rgb(51, 51, 51); text-align: justify; font-family: arial; white-space: normal; background-color: rgb(255, 255, 255);"><span class="bjh-p">日复一日地生活，总是如此匆忙。</span></p><p style="margin-top: 22px; margin-bottom: 0px; padding: 0px; line-height: 24px; color: rgb(51, 51, 51); text-align: justify; font-family: arial; white-space: normal; background-color: rgb(255, 255, 255);"><span class="bjh-p"><span class="bjh-br"></span></span></p><p style="margin-top: 22px; margin-bottom: 0px; padding: 0px; line-height: 24px; color: rgb(51, 51, 51); text-align: justify; font-family: arial; white-space: normal; background-color: rgb(255, 255, 255);"><span class="bjh-blockquote" style="display: block; position: relative; font-size: 18px; color: rgb(153, 153, 153); padding-left: 30px; min-height: 24px;"><span class="bjh-p">你有多久没有好好地观赏夜空中的月亮了？</span><span class="bjh-p">你有多久没有静下心来看一本书，品一杯茶了？</span><span class="bjh-p">你有多久没有犒劳自己一顿摆盘精致的晚餐了？</span></span></p><p style="margin-top: 22px; margin-bottom: 0px; padding: 0px; line-height: 24px; color: rgb(51, 51, 51); text-align: justify; font-family: arial; white-space: normal; background-color: rgb(255, 255, 255);"><span class="bjh-p"><span class="bjh-br"></span></span></p><p style="margin-top: 22px; margin-bottom: 0px; padding: 0px; line-height: 24px; color: rgb(51, 51, 51); text-align: justify; font-family: arial; white-space: normal; background-color: rgb(255, 255, 255);"><span class="bjh-p">你是时候该停下来，感受、享受周围的一切了。</span></p><p style="margin-top: 22px; margin-bottom: 0px; padding: 0px; line-height: 24px; color: rgb(51, 51, 51); text-align: justify; font-family: arial; white-space: normal; background-color: rgb(255, 255, 255);"><span class="bjh-p"><span class="bjh-br"></span></span></p><p style="margin-top: 22px; margin-bottom: 0px; padding: 0px; line-height: 24px; color: rgb(51, 51, 51); text-align: justify; font-family: arial; white-space: normal; background-color: rgb(255, 255, 255);"><span class="bjh-p">美学大师蒋勋在《品味四讲》中，也传达了这样的理念：</span></p><p style="margin-top: 22px; margin-bottom: 0px; padding: 0px; line-height: 24px; color: rgb(51, 51, 51); text-align: justify; font-family: arial; white-space: normal; background-color: rgb(255, 255, 255);"><span class="bjh-p"><span class="bjh-br"></span></span></p><p style="margin-top: 22px; margin-bottom: 0px; padding: 0px; line-height: 24px; color: rgb(51, 51, 51); text-align: justify; font-family: arial; white-space: normal; background-color: rgb(255, 255, 255);"><span class="bjh-blockquote" style="display: block; position: relative; font-size: 18px; color: rgb(153, 153, 153); padding-left: 30px; min-height: 24px;"><span class="bjh-p">天地有大美而不言，美无处不在，我们要放缓节奏，感受生活中的点滴之美。</span></span></p><p style="margin-top: 22px; margin-bottom: 0px; padding: 0px; line-height: 24px; color: rgb(51, 51, 51); text-align: justify; font-family: arial; white-space: normal; background-color: rgb(255, 255, 255);"><span class="bjh-p"><span class="bjh-br"></span></span></p><p><img class="large" data-loadfunc="0" src="http://t12.baidu.com/it/u=2285003678,2386473074&fm=173&app=25&f=JPEG?w=640&h=427&s=4F00D50C3079A3843FA439C6030040AD" data-loaded="0" style="border: 0px; width: 537px; display: block;"/></p><p style="margin-top: 26px; margin-bottom: 0px; padding: 0px; line-height: 24px; color: rgb(51, 51, 51); text-align: justify; font-family: arial; white-space: normal; background-color: rgb(255, 255, 255);"><span class="bjh-p"><span class="bjh-br"></span></span></p><p style="margin-top: 22px; margin-bottom: 0px; padding: 0px; line-height: 24px; color: rgb(51, 51, 51); text-align: justify; font-family: arial; white-space: normal; background-color: rgb(255, 255, 255);"><span class="bjh-p">02<span class="bjh-br"></span></span></p><p style="margin-top: 22px; margin-bottom: 0px; padding: 0px; line-height: 24px; color: rgb(51, 51, 51); text-align: justify; font-family: arial; white-space: normal; background-color: rgb(255, 255, 255);"><span class="bjh-p"><span class="bjh-br"></span></span></p><p style="margin-top: 22px; margin-bottom: 0px; padding: 0px; line-height: 24px; color: rgb(51, 51, 51); text-align: justify; font-family: arial; white-space: normal; background-color: rgb(255, 255, 255);"><span class="bjh-p"><span class="bjh-strong" style="font-size: 18px; font-weight: 700;">认识美的重要开始：吃</span></span></p><p style="margin-top: 22px; margin-bottom: 0px; padding: 0px; line-height: 24px; color: rgb(51, 51, 51); text-align: justify; font-family: arial; white-space: normal; background-color: rgb(255, 255, 255);"><span class="bjh-p"><span class="bjh-br"></span></span></p><p style="margin-top: 22px; margin-bottom: 0px; padding: 0px; line-height: 24px; color: rgb(51, 51, 51); text-align: justify; font-family: arial; white-space: normal; background-color: rgb(255, 255, 255);"><span class="bjh-p">我们不难发现，在与朋友聊起生命中美好回忆时，其中会有很多跟吃东西有关。大家会谈起在哪里吃了生命，哪里又吃了什么。</span></p><p style="margin-top: 22px; margin-bottom: 0px; padding: 0px; line-height: 24px; color: rgb(51, 51, 51); text-align: justify; font-family: arial; white-space: normal; background-color: rgb(255, 255, 255);"><span class="bjh-p"><span class="bjh-br"></span></span></p><p style="margin-top: 22px; margin-bottom: 0px; padding: 0px; line-height: 24px; color: rgb(51, 51, 51); text-align: justify; font-family: arial; white-space: normal; background-color: rgb(255, 255, 255);"><span class="bjh-p">吃，是认识美的一个重要开始，如果吃的粗糙、乱七八糟，其他的美大概也就很难讲究了。</span></p><p style="margin-top: 22px; margin-bottom: 0px; padding: 0px; line-height: 24px; color: rgb(51, 51, 51); text-align: justify; font-family: arial; white-space: normal; background-color: rgb(255, 255, 255);"><span class="bjh-p"><span class="bjh-br"></span></span></p><p style="margin-top: 22px; margin-bottom: 0px; padding: 0px; line-height: 24px; color: rgb(51, 51, 51); text-align: justify; font-family: arial; white-space: normal; background-color: rgb(255, 255, 255);"><span class="bjh-p">在烹饪意大利海鲜汤时，你是否会在揉碎的月桂叶中，联想到太阳神阿波罗和变为月桂树的达芙妮之间的故事？</span></p><p style="margin-top: 22px; margin-bottom: 0px; padding: 0px; line-height: 24px; color: rgb(51, 51, 51); text-align: justify; font-family: arial; white-space: normal; background-color: rgb(255, 255, 255);"><span class="bjh-p"><span class="bjh-br"></span></span></p><p style="margin-top: 22px; margin-bottom: 0px; padding: 0px; line-height: 24px; color: rgb(51, 51, 51); text-align: justify; font-family: arial; white-space: normal; background-color: rgb(255, 255, 255);"><span class="bjh-p">你是否会在白酒的香气中想起温暖的阳光，肥沃的土壤和滋润的雨水？</span></p><p style="margin-top: 22px; margin-bottom: 0px; padding: 0px; line-height: 24px; color: rgb(51, 51, 51); text-align: justify; font-family: arial; white-space: normal; background-color: rgb(255, 255, 255);"><span class="bjh-p"><span class="bjh-br"></span></span></p><p style="margin-top: 22px; margin-bottom: 0px; padding: 0px; line-height: 24px; color: rgb(51, 51, 51); text-align: justify; font-family: arial; white-space: normal; background-color: rgb(255, 255, 255);"><span class="bjh-p">食物都是富有特殊的意义的，我们可以对食物产生许多情感上的体验：</span></p><p style="margin-top: 22px; margin-bottom: 0px; padding: 0px; line-height: 24px; color: rgb(51, 51, 51); text-align: justify; font-family: arial; white-space: normal; background-color: rgb(255, 255, 255);"><span class="bjh-p"><span class="bjh-br"></span></span></p><p style="margin-top: 22px; margin-bottom: 0px; padding: 0px; line-height: 24px; color: rgb(51, 51, 51); text-align: justify; font-family: arial; white-space: normal; background-color: rgb(255, 255, 255);"><span class="bjh-blockquote" style="display: block; position: relative; font-size: 18px; color: rgb(153, 153, 153); padding-left: 30px; min-height: 24px;"><span class="bjh-p">你会在脑海里浮现一些好像始终忘不掉的食物和料理，它们不只是口感上的回忆，不只是美食当期那种口腔里的快乐，甚至会变成很特别的视觉记忆、嗅觉记忆，甚至会让你在心灵上有一些特别的感动。</span></span></p><p style="margin-top: 22px; margin-bottom: 0px; padding: 0px; line-height: 24px; color: rgb(51, 51, 51); text-align: justify; font-family: arial; white-space: normal; background-color: rgb(255, 255, 255);"><span class="bjh-p"><span class="bjh-br"></span></span></p><p style="margin-top: 22px; margin-bottom: 0px; padding: 0px; line-height: 24px; color: rgb(51, 51, 51); text-align: justify; font-family: arial; white-space: normal; background-color: rgb(255, 255, 255);"><span class="bjh-p">很多人都说世界上最好吃的饭是妈妈做的饭，这大概也是其中所包含的爱与关怀，使得食物变得更加与众不同，更加美味难忘吧。这种时候，食物就远远不只是食物了。</span></p><p style="margin-top: 22px; margin-bottom: 0px; padding: 0px; line-height: 24px; color: rgb(51, 51, 51); text-align: justify; font-family: arial; white-space: normal; background-color: rgb(255, 255, 255);"><span class="bjh-p"><span class="bjh-br"></span></span></p><p style="margin-top: 22px; margin-bottom: 0px; padding: 0px; line-height: 24px; color: rgb(51, 51, 51); text-align: justify; font-family: arial; white-space: normal; background-color: rgb(255, 255, 255);"><span class="bjh-p">因此，希望大家能对食物用心、讲究，在自己的生活里，好好为自己完成生命的菜肴。</span></p><p style="margin-top: 22px; margin-bottom: 0px; padding: 0px; line-height: 24px; color: rgb(51, 51, 51); text-align: justify; font-family: arial; white-space: normal; background-color: rgb(255, 255, 255);"><span class="bjh-p"><span class="bjh-br"></span></span></p><p><img class="large" data-loadfunc="0" src="http://t11.baidu.com/it/u=4234608478,2130121063&fm=173&app=25&f=JPEG?w=640&h=427&s=A680D70554E5850DF30575F00300C0B1" data-loaded="0" style="border: 0px; width: 537px; display: block;"/></p><p style="margin-top: 26px; margin-bottom: 0px; padding: 0px; line-height: 24px; color: rgb(51, 51, 51); text-align: justify; font-family: arial; white-space: normal; background-color: rgb(255, 255, 255);"><span class="bjh-p"><span class="bjh-br"></span></span></p><p style="margin-top: 22px; margin-bottom: 0px; padding: 0px; line-height: 24px; color: rgb(51, 51, 51); text-align: justify; font-family: arial; white-space: normal; background-color: rgb(255, 255, 255);"><span class="bjh-p">03<span class="bjh-br"></span></span></p><p style="margin-top: 22px; margin-bottom: 0px; padding: 0px; line-height: 24px; color: rgb(51, 51, 51); text-align: justify; font-family: arial; white-space: normal; background-color: rgb(255, 255, 255);"><span class="bjh-p"><span class="bjh-br"></span></span></p><p style="margin-top: 22px; margin-bottom: 0px; padding: 0px; line-height: 24px; color: rgb(51, 51, 51); text-align: justify; font-family: arial; white-space: normal; background-color: rgb(255, 255, 255);"><span class="bjh-p"><span class="bjh-strong" style="font-size: 18px; font-weight: 700;">衣服之美</span></span></p><p style="margin-top: 22px; margin-bottom: 0px; padding: 0px; line-height: 24px; color: rgb(51, 51, 51); text-align: justify; font-family: arial; white-space: normal; background-color: rgb(255, 255, 255);"><span class="bjh-p"><span class="bjh-br"></span></span></p><p style="margin-top: 22px; margin-bottom: 0px; padding: 0px; line-height: 24px; color: rgb(51, 51, 51); text-align: justify; font-family: arial; white-space: normal; background-color: rgb(255, 255, 255);"><span class="bjh-p">与我们生活息息相关的美，除了食物之外，就是衣服了。衣服大概是生活之美最直接的体现，无论是服装、鞋子，都是一个人身体的记忆。</span></p><p style="margin-top: 22px; margin-bottom: 0px; padding: 0px; line-height: 24px; color: rgb(51, 51, 51); text-align: justify; font-family: arial; white-space: normal; background-color: rgb(255, 255, 255);"><span class="bjh-p"><span class="bjh-br"></span></span></p><p style="margin-top: 22px; margin-bottom: 0px; padding: 0px; line-height: 24px; color: rgb(51, 51, 51); text-align: justify; font-family: arial; white-space: normal; background-color: rgb(255, 255, 255);"><span class="bjh-p">一件你喜爱的衣服，真的就像一位好朋友，甚至是一个爱人。</span></p><p style="margin-top: 22px; margin-bottom: 0px; padding: 0px; line-height: 24px; color: rgb(51, 51, 51); text-align: justify; font-family: arial; white-space: normal; background-color: rgb(255, 255, 255);"><span class="bjh-p"><span class="bjh-br"></span></span></p><p style="margin-top: 22px; margin-bottom: 0px; padding: 0px; line-height: 24px; color: rgb(51, 51, 51); text-align: justify; font-family: arial; white-space: normal; background-color: rgb(255, 255, 255);"><span class="bjh-p">我很喜爱的纯棉衬衫，衬衫里有长久穿着的记忆，于是就会对它们多花一些心血。舍不得用洗衣机去洗，而是用手揉搓干净，我觉得这也是一种快乐。</span></p><p style="margin-top: 22px; margin-bottom: 0px; padding: 0px; line-height: 24px; color: rgb(51, 51, 51); text-align: justify; font-family: arial; white-space: normal; background-color: rgb(255, 255, 255);"><span class="bjh-p"><span class="bjh-br"></span></span></p><p style="margin-top: 22px; margin-bottom: 0px; padding: 0px; line-height: 24px; color: rgb(51, 51, 51); text-align: justify; font-family: arial; white-space: normal; background-color: rgb(255, 255, 255);"><span class="bjh-p">你是否也有几件特别珍惜的衣服，即使穿了很久也舍不得扔掉的呢？</span></p><p style="margin-top: 22px; margin-bottom: 0px; padding: 0px; line-height: 24px; color: rgb(51, 51, 51); text-align: justify; font-family: arial; white-space: normal; background-color: rgb(255, 255, 255);"><span class="bjh-p"><span class="bjh-br"></span></span></p><p style="margin-top: 22px; margin-bottom: 0px; padding: 0px; line-height: 24px; color: rgb(51, 51, 51); text-align: justify; font-family: arial; white-space: normal; background-color: rgb(255, 255, 255);"><span class="bjh-p">许多人都喜爱名牌，盲目追求昂贵价格的衣物，但却不明白自己为什么会喜欢这件衣服。</span></p><p style="margin-top: 22px; margin-bottom: 0px; padding: 0px; line-height: 24px; color: rgb(51, 51, 51); text-align: justify; font-family: arial; white-space: normal; background-color: rgb(255, 255, 255);"><span class="bjh-p"><span class="bjh-br"></span></span></p><p style="margin-top: 22px; margin-bottom: 0px; padding: 0px; line-height: 24px; color: rgb(51, 51, 51); text-align: justify; font-family: arial; white-space: normal; background-color: rgb(255, 255, 255);"><span class="bjh-p">美不是价格，而是物质被经过思考后产生的不同情感，这可能是亲情，也可能是爱情与友谊。当这些情谊被编织进一件衣服里时，已经无法用价格衡量了。</span></p><p style="margin-top: 22px; margin-bottom: 0px; padding: 0px; line-height: 24px; color: rgb(51, 51, 51); text-align: justify; font-family: arial; white-space: normal; background-color: rgb(255, 255, 255);"><span class="bjh-p"><span class="bjh-br"></span></span></p><p style="margin-top: 22px; margin-bottom: 0px; padding: 0px; line-height: 24px; color: rgb(51, 51, 51); text-align: justify; font-family: arial; white-space: normal; background-color: rgb(255, 255, 255);"><span class="bjh-p">就像《品味四讲》中的一个例子：</span></p><p style="margin-top: 22px; margin-bottom: 0px; padding: 0px; line-height: 24px; color: rgb(51, 51, 51); text-align: justify; font-family: arial; white-space: normal; background-color: rgb(255, 255, 255);"><span class="bjh-p"><span class="bjh-br"></span></span></p><p style="margin-top: 22px; margin-bottom: 0px; padding: 0px; line-height: 24px; color: rgb(51, 51, 51); text-align: justify; font-family: arial; white-space: normal; background-color: rgb(255, 255, 255);"><span class="bjh-blockquote" style="display: block; position: relative; font-size: 18px; color: rgb(153, 153, 153); padding-left: 30px; min-height: 24px;"><span class="bjh-p">许多母亲健在的人，大概不会觉得她为你织了一件毛衣，你穿在身上就会有多么伟大、永恒的力量。</span><span class="bjh-p"><span class="bjh-br"></span></span><span class="bjh-p">但如果你发现一位朋友冬天老爱穿同一件陈旧的毛衣时，你可能会觉得奇怪，还会跟他建议买一件毛衣。</span><span class="bjh-p"><span class="bjh-br"></span></span><span class="bjh-p">然而他却告诉你，“这件毛衣是我过世的母亲织给我的。”</span></span></p><p style="margin-top: 22px; margin-bottom: 0px; padding: 0px; line-height: 24px; color: rgb(51, 51, 51); text-align: justify; font-family: arial; white-space: normal; background-color: rgb(255, 255, 255);"><span class="bjh-p"><span class="bjh-br"></span></span></p><p style="margin-top: 22px; margin-bottom: 0px; padding: 0px; line-height: 24px; color: rgb(51, 51, 51); text-align: justify; font-family: arial; white-space: normal; background-color: rgb(255, 255, 255);"><span class="bjh-p">这个时候你肯定会悚然一惊，你就知道，他到任何地方去买再昂贵的衣服，都比不上这件毛衣所包含的温暖了。</span></p><p style="margin-top: 22px; margin-bottom: 0px; padding: 0px; line-height: 24px; color: rgb(51, 51, 51); text-align: justify; font-family: arial; white-space: normal; background-color: rgb(255, 255, 255);"><span class="bjh-p"><span class="bjh-br"></span></span></p><p style="margin-top: 22px; margin-bottom: 0px; padding: 0px; line-height: 24px; color: rgb(51, 51, 51); text-align: justify; font-family: arial; white-space: normal; background-color: rgb(255, 255, 255);"><span class="bjh-p">衣物的美，不只在于款式，更不在与价格，最美的衣物里，必然拥有最动人的情谊。</span></p><p style="margin-top: 22px; margin-bottom: 0px; padding: 0px; line-height: 24px; color: rgb(51, 51, 51); text-align: justify; font-family: arial; white-space: normal; background-color: rgb(255, 255, 255);"><span class="bjh-p"><span class="bjh-br"></span></span></p><p><img class="large" data-loadfunc="0" src="http://t12.baidu.com/it/u=2161485485,281420083&fm=173&app=25&f=JPEG?w=640&h=427&s=B9992BDBD403D8EC04B960300300C042" data-loaded="0" style="border: 0px; width: 537px; display: block;"/></p><p style="margin-top: 26px; margin-bottom: 0px; padding: 0px; line-height: 24px; color: rgb(51, 51, 51); text-align: justify; font-family: arial; white-space: normal; background-color: rgb(255, 255, 255);"><span class="bjh-p"><span class="bjh-br"></span></span></p><p style="margin-top: 22px; margin-bottom: 0px; padding: 0px; line-height: 24px; color: rgb(51, 51, 51); text-align: justify; font-family: arial; white-space: normal; background-color: rgb(255, 255, 255);"><span class="bjh-p">04</span></p><p style="margin-top: 22px; margin-bottom: 0px; padding: 0px; line-height: 24px; color: rgb(51, 51, 51); text-align: justify; font-family: arial; white-space: normal; background-color: rgb(255, 255, 255);"><span class="bjh-p"><span class="bjh-br"></span></span></p><p style="margin-top: 22px; margin-bottom: 0px; padding: 0px; line-height: 24px; color: rgb(51, 51, 51); text-align: justify; font-family: arial; white-space: normal; background-color: rgb(255, 255, 255);"><span class="bjh-p">蒋勋说：缓慢，恐怕是建立生命美学品质的第一步。无论衣食住行，希望我们的生活都能有慢下来的可能。</span></p><p style="margin-top: 22px; margin-bottom: 0px; padding: 0px; line-height: 24px; color: rgb(51, 51, 51); text-align: justify; font-family: arial; white-space: normal; background-color: rgb(255, 255, 255);"><span class="bjh-p"><span class="bjh-br"></span></span></p><p style="margin-top: 22px; margin-bottom: 0px; padding: 0px; line-height: 24px; color: rgb(51, 51, 51); text-align: justify; font-family: arial; white-space: normal; background-color: rgb(255, 255, 255);"><span class="bjh-p">然而肯定会有人反问，每天忙着工作、忙着所有繁杂的事务，怎么可能缓慢？</span></p><p style="margin-top: 22px; margin-bottom: 0px; padding: 0px; line-height: 24px; color: rgb(51, 51, 51); text-align: justify; font-family: arial; white-space: normal; background-color: rgb(255, 255, 255);"><span class="bjh-p"><span class="bjh-br"></span></span></p><p style="margin-top: 22px; margin-bottom: 0px; padding: 0px; line-height: 24px; color: rgb(51, 51, 51); text-align: justify; font-family: arial; white-space: normal; background-color: rgb(255, 255, 255);"><span class="bjh-p">对此，蒋勋认为，缓慢本身，要架构在“心情”上。忙，就是心亡，所以如何让自己心境悠闲就变得十分重要。</span></p><p style="margin-top: 22px; margin-bottom: 0px; padding: 0px; line-height: 24px; color: rgb(51, 51, 51); text-align: justify; font-family: arial; white-space: normal; background-color: rgb(255, 255, 255);"><span class="bjh-p"><span class="bjh-br"></span></span></p><p style="margin-top: 22px; margin-bottom: 0px; padding: 0px; line-height: 24px; color: rgb(51, 51, 51); text-align: justify; font-family: arial; white-space: normal; background-color: rgb(255, 255, 255);"><span class="bjh-p">人生，应是可以随时停下来缓慢行走的一条路，而不是一条快速的高速公路。</span></p><p style="margin-top: 22px; margin-bottom: 0px; padding: 0px; line-height: 24px; color: rgb(51, 51, 51); text-align: justify; font-family: arial; white-space: normal; background-color: rgb(255, 255, 255);"><span class="bjh-p"><span class="bjh-br"></span></span></p><p style="margin-top: 22px; margin-bottom: 0px; padding: 0px; line-height: 24px; color: rgb(51, 51, 51); text-align: justify; font-family: arial; white-space: normal; background-color: rgb(255, 255, 255);"><span class="bjh-p">你准备好慢下来，发现生活中的美了吗？</span></p><p><br/></p>',5,'你有多久没有好好地观赏夜空中的月亮了？你有多久没有静下心来看一本书，品一杯茶了？');
CREATE UNIQUE INDEX auth_group_permissions_group_id_permission_id_0cd325b0_uniq ON "auth_group_permissions" ("group_id", "permission_id");
CREATE INDEX "auth_group_permissions_group_id_b120cbf9" ON "auth_group_permissions" ("group_id");
CREATE INDEX "auth_group_permissions_permission_id_84c5c92e" ON "auth_group_permissions" ("permission_id");
CREATE UNIQUE INDEX auth_user_groups_user_id_group_id_94350c0c_uniq ON "auth_user_groups" ("user_id", "group_id");
CREATE INDEX "auth_user_groups_user_id_6a12ed8b" ON "auth_user_groups" ("user_id");
CREATE INDEX "auth_user_groups_group_id_97559544" ON "auth_user_groups" ("group_id");
CREATE UNIQUE INDEX auth_user_user_permissions_user_id_permission_id_14a6b632_uniq ON "auth_user_user_permissions" ("user_id", "permission_id");
CREATE INDEX "auth_user_user_permissions_user_id_a95ead1b" ON "auth_user_user_permissions" ("user_id");
CREATE INDEX "auth_user_user_permissions_permission_id_1fbb5f2c" ON "auth_user_user_permissions" ("permission_id");
CREATE INDEX "django_admin_log_content_type_id_c4bce8eb" ON "django_admin_log" ("content_type_id");
CREATE INDEX "django_admin_log_user_id_c564eba6" ON "django_admin_log" ("user_id");
CREATE UNIQUE INDEX articles_articles_tags_articles_id_tags_id_779e06f4_uniq ON "articles_articles_tags" ("articles_id", "tags_id");
CREATE INDEX "articles_articles_tags_articles_id_6a3e22bc" ON "articles_articles_tags" ("articles_id");
CREATE INDEX "articles_articles_tags_tags_id_62b145b7" ON "articles_articles_tags" ("tags_id");
CREATE UNIQUE INDEX django_content_type_app_label_model_76bd3d3b_uniq ON "django_content_type" ("app_label", "model");
CREATE UNIQUE INDEX auth_permission_content_type_id_codename_01ab375a_uniq ON "auth_permission" ("content_type_id", "codename");
CREATE INDEX "auth_permission_content_type_id_2f476e4b" ON "auth_permission" ("content_type_id");
CREATE INDEX "django_session_expire_date_a5c62663" ON "django_session" ("expire_date");
CREATE INDEX "xadmin_bookmark_content_type_id_60941679" ON "xadmin_bookmark" ("content_type_id");
CREATE INDEX "xadmin_bookmark_user_id_42d307fc" ON "xadmin_bookmark" ("user_id");
CREATE INDEX "xadmin_log_content_type_id_2a6cb852" ON "xadmin_log" ("content_type_id");
CREATE INDEX "xadmin_log_user_id_bb16a176" ON "xadmin_log" ("user_id");
CREATE INDEX "xadmin_usersettings_user_id_edeabe4a" ON "xadmin_usersettings" ("user_id");
CREATE INDEX "xadmin_userwidget_user_id_c159233a" ON "xadmin_userwidget" ("user_id");
CREATE INDEX "articles_articles_categorie_id_d32c316a" ON "articles_articles" ("categorie_id");
COMMIT;
